nr,osoba,werdykt,connection,post,comment
1,Eliza Głowacka Szprot,skip,"BRAK powiazania politycznego. W wykazie PKW nie ma ani jednego rekordu tego imienia i nazwiska zgodnego z dekada urodzenia, ktora wynika z PESEL-a we wpisie KRS. | ZRODLO: wykaz kandydatow PKW (person_pkw, kanal oficjalny)","Wiceprezes zarzadu AMW REWITA sp. z o.o. (KRS 0000394569, publiczna, rada nadzorcza) od 2026-08-24; potwierdzone, sygnatura G*******|S*****/E****, PESEL z cyfra 8. ZRODLO: odpis aktualny KRS 0000394569, stan 24.08.2026, api-krs.ms.gov.pl","verdict=skip || TEZA: brak - sama posada w spolce publicznej nie jest powiazaniem politycznym. || UWAGA: posada zostala potwierdzona w aktualnym odpisie KRS, wiec wiersz nie polegl na danych, tylko na tym, ze nie ma czego opowiedziec. Dekada z PESEL-a to jedyne sito tozsamosci, jakim dysponuje zamaskowany odpis; gdyby kiedys pojawil sie pelny PESEL, warto to przeliczyc ponownie."
2,Agnieszka Lyszczok,skip,"BRAK powiazania politycznego. W wykazie PKW nie ma ani jednego rekordu tego imienia i nazwiska zgodnego z dekada urodzenia, ktora wynika z PESEL-a we wpisie KRS. | ZRODLO: wykaz kandydatow PKW (person_pkw, kanal oficjalny)","Prezes zarzadu i czlonkini rady nadzorczej MASTER - ODPADY I ENERGIA sp. z o.o. (KRS 0000078561, publiczna) od 2026-08-24 (rada nadzorcza od 2025-11-14); potwierdzone, PESEL z cyfra 8. ZRODLO: odpis aktualny KRS 0000078561, stan 02.09.2026, api-krs.ms.gov.pl","verdict=skip || TEZA: brak - sama posada w spolce publicznej nie jest powiazaniem politycznym. || UWAGA: posada zostala potwierdzona w aktualnym odpisie KRS, wiec wiersz nie polegl na danych, tylko na tym, ze nie ma czego opowiedziec. Dekada z PESEL-a to jedyne sito tozsamosci, jakim dysponuje zamaskowany odpis; gdyby kiedys pojawil sie pelny PESEL, warto to przeliczyc ponownie."
3,Piotr Smykla,skip,"BRAK powiazania politycznego. W wykazie PKW nie ma ani jednego rekordu tego imienia i nazwiska zgodnego z dekada urodzenia, ktora wynika z PESEL-a we wpisie KRS. | ZRODLO: wykaz kandydatow PKW (person_pkw, kanal oficjalny) Cztery rekordy PKW o tym imieniu i nazwisku istnieja, ale wszystkie maja roczniki 1956, 1969 i 1992 - zadnego z lat 80.","Czlonek rady nadzorczej GDYNSKA KOMUNIKACJA MIEJSKA sp. z o.o. (KRS 0000076927, publiczna) od 2026-08-24; potwierdzone, PESEL z cyfra 8. ZRODLO: odpis aktualny KRS 0000076927, stan 10.09.2026, api-krs.ms.gov.pl","verdict=skip || TEZA: brak - sama posada w spolce publicznej nie jest powiazaniem politycznym. || UWAGA: posada zostala potwierdzona w aktualnym odpisie KRS, wiec wiersz nie polegl na danych, tylko na tym, ze nie ma czego opowiedziec. Dekada z PESEL-a to jedyne sito tozsamosci, jakim dysponuje zamaskowany odpis; gdyby kiedys pojawil sie pelny PESEL, warto to przeliczyc ponownie."
4,Bogusław Bielawski,skip,"BRAK powiazania politycznego. W wykazie PKW nie ma ani jednego rekordu tego imienia i nazwiska zgodnego z dekada urodzenia, ktora wynika z PESEL-a we wpisie KRS. | ZRODLO: wykaz kandydatow PKW (person_pkw, kanal oficjalny)","Czlonek RADY SPOLECZNEJ SPZOZ ""PRZYCHODNIA DWORCOWA"" w Gorzowie Wielkopolskim (KRS 0000122132) od 2026-08-21. Potwierdzone w odpisie z rejestru S: jedyny organ nadzoru to ""RADA SPOLECZNA SPZOZ PRZYCHODNIA DWORCOWA"", a w jej skladzie jest B********/B******* (9+8 liter), PESEL z cyfra 7. ZRODLO: odpis aktualny KRS 0000122132 (rejestr S), stan 21.08.2026, api-krs.ms.gov.pl","verdict=skip || TEZA: brak. || UWAGA: pulapka nr 1 - strona renderuje to jako ""Rada Nadzorcza"", ale rejestr mowi wprost RADA SPOLECZNA, ktora polityka strony wyklucza. Ten wiersz umiera dwa razy: raz na organie, raz na braku powiazania. To jedyna posada tej osoby."
5,Daniel Kazaniecki,skip,"BRAK powiazania politycznego. W wykazie PKW nie ma ani jednego rekordu tego imienia i nazwiska zgodnego z dekada urodzenia, ktora wynika z PESEL-a we wpisie KRS. | ZRODLO: wykaz kandydatow PKW (person_pkw, kanal oficjalny)","Czlonek rady nadzorczej ELEKTROCIEPLOWNIA CIECHANOW sp. z o.o. (KRS 0000134317, publiczna) od 2026-08-21; potwierdzone, PESEL z cyfra 7. ZRODLO: odpis aktualny KRS 0000134317, stan 21.08.2026, api-krs.ms.gov.pl","verdict=skip || TEZA: brak - sama posada w spolce publicznej nie jest powiazaniem politycznym. || UWAGA: posada zostala potwierdzona w aktualnym odpisie KRS, wiec wiersz nie polegl na danych, tylko na tym, ze nie ma czego opowiedziec. Dekada z PESEL-a to jedyne sito tozsamosci, jakim dysponuje zamaskowany odpis; gdyby kiedys pojawil sie pelny PESEL, warto to przeliczyc ponownie."
6,Jarosław Węgrzyn,skip,"BRAK powiazania politycznego. W wykazie PKW nie ma ani jednego rekordu tego imienia i nazwiska zgodnego z dekada urodzenia, ktora wynika z PESEL-a we wpisie KRS. | ZRODLO: wykaz kandydatow PKW (person_pkw, kanal oficjalny) Jedyny rekord PKW (1998, Komitet Wyborczy Ruch Patriotyczny Ojczyzna) dotyczy osoby ur. 1961 - o pokolenie starszej.","Czlonek rady nadzorczej SZYBKA KOLEJ MIEJSKA sp. z o.o. (KRS 0000206762, publiczna) od 2026-08-21; potwierdzone, PESEL z cyfra 8. ZRODLO: odpis aktualny KRS 0000206762, stan 31.08.2026, api-krs.ms.gov.pl","verdict=skip || TEZA: brak - sama posada w spolce publicznej nie jest powiazaniem politycznym. || UWAGA: posada zostala potwierdzona w aktualnym odpisie KRS, wiec wiersz nie polegl na danych, tylko na tym, ze nie ma czego opowiedziec. Dekada z PESEL-a to jedyne sito tozsamosci, jakim dysponuje zamaskowany odpis; gdyby kiedys pojawil sie pelny PESEL, warto to przeliczyc ponownie."
7,Przemysław Pawlak,maybe,"Kandydat do rady powiatu staszowskiego w 2018 z KOMITETU WYBORCZEGO WYBORCOW STRONNICTWA PIAST ZIEMI STASZOWSKIEJ (teryt 261200, ur. 1982) - komitet wyborcow, nie partia. | ZRODLO: wykaz kandydatow PKW (person_pkw, kanal oficjalny). UWAGA do zrodla: kandydatury, ktore strona przypisuje tej osobie (LPR 2002, Forum Demokratyczne 2018), maja teryt 300400, czyli powiat gostynski w Wielkopolsce, i rocznik 1981 - to inny czlowiek.","Czlonek rady nadzorczej delegowany do czasowego pelnienia funkcji czlonka zarzadu PRZEDSIEBIORSTWA GOSPODARKI KOMUNALNEJ W POLANCU sp. z o.o. (KRS 0000178314, publiczna) od 2026-08-21, w radzie od 2024-08-28; potwierdzone, PESEL z cyfra 8. Polaniec lezy w powiecie staszowskim - tym samym, w ktorym kandydowal. ZRODLO: odpis aktualny KRS 0000178314, stan 21.08.2026, api-krs.ms.gov.pl","verdict=maybe || TEZA: delegowany do zarzadu gminnej spolki czlowiek, ktory szesc lat wczesniej kandydowal do rady tego samego powiatu z lokalnego komitetu. || UWAGA: powiazanie jest lokalne i bezpartyjne - komitet wyborcow to nie partia, a kandydatura jest przegrana i sprzed osmiu lat. Wazniejsze jest co innego: strona ma tu prawdopodobnie zle zlaczenie. Przypisuje mu kandydatury z Wielkopolski, podczas gdy jedyna zgodna geograficznie i rocznikowo jest ta ze Staszowa. Zanim ten wiersz gdziekolwiek trafi, trzeba naprawic kandydatury, bo publikowanie go teraz oznaczaloby przypisanie komus czlonkostwa w LPR na podstawie imiennika."
8,Wojciech Bochnak,publish,"Czlonek Platformy Obywatelskiej RP z wlasnej deklaracji w PKW (Sejm 2023, okreg dolnoslaski); radny gminy Kondratowice WYBRANY 2010 (rownoczesnie deklarujac czlonkostwo w PO), radny sejmiku dolnoslaskiego WYBRANY 2024 z listy KKW Koalicja Obywatelska; kandydowal nieprzerwanie od 1998 (ur. 1975/1976). | ZRODLO: wykaz kandydatow PKW (person_pkw, kanal oficjalny) - 13 kandydatur, dwie zakonczone mandatem, dwie deklaracje czlonkostwa w PO.","Sierpniowa posada to czlonek rady nadzorczej WROCLAWSKIEGO KLUBU SPORTOWEGO ""SLASK WROCLAW"" SA (KRS 0000070008) od 2026-08-20; wczesniej byl w jego zarzadzie 2019-2023. Potwierdzone, PESEL z cyfra 7. Rownolegle, i to jest posada do opublikowania: czlonek rady nadzorczej TERMY CIEPLICKIE sp. z o.o. (KRS 0000430598, publiczna) od 2025-04-22, nadal - potwierdzone. ZRODLO: odpis aktualny KRS 0000070008, stan 20.08.2026, api-krs.ms.gov.pl; odpis aktualny KRS 0000430598, stan 09.06.2026, api-krs.ms.gov.pl","verdict=publish || TEZA: czlonek PO i radny sejmiku dolnoslaskiego zbiera posady w spolkach komunalnych calego wojewodztwa - ZGK, Wroclawski Park Wodny, Termy Cieplickie, a od sierpnia rada nadzorcza Slaska Wroclaw. || UWAGA: sierpniowy pracodawca ma w bazie is_public=false, bo Slask Wroclaw SA to klub sportowy - a jest w praktyce spolka Gminy Wroclaw. To jest wlasnie ten znany falszywy negatyw, ale tu nie trzeba sie na niego opierac: rownoczesna, potwierdzona posada w Termach Cieplickich jest bezspornie publiczna. Zlaczenie tozsamosci: rocznik z PKW (1975/76) zgadza sie z dekada z PESEL-a, a Kondratowice i sejmik dolnoslaski zgadzaja sie ze wszystkimi pracodawcami."
9,Piotr Tomasz Karaś,publish,"Radny Siedlec WYBRANY dwukrotnie: w 2010 z listy Komitetu Wyborczego Platforma Obywatelska RP i w 2024 z KWW GRZEGORZA ORZELOWSKIEGO KOCHAM SIEDLCE; miedzy nimi kandydowal z PO w 2014 i z KWW Lepsze Siedlce w 2018 (teryt 146401, ur. 1974). Urzad z wyboru, sprawowany obecnie. | ZRODLO: wykaz kandydatow PKW (person_pkw, kanal oficjalny)","Czlonek rady nadzorczej OTWOCKIEGO PRZEDSIEBIORSTWA WODOCIAGOW I KANALIZACJI sp. z o.o. (KRS 0000287447, publiczna, rada nadzorcza) od 2026-08-19; potwierdzone, sygnatura K****/P****, PESEL z cyfra 7 - zgodne z rocznikiem 1974. Wczesniejsze posady: rada nadzorcza PEC w Lukowie 2024-2026 i rada nadzorcza SPZOZ ""RM-MEDITRANS"" w Siedlcach 2012-2022 (ta druga to rada spoleczna i nie liczy sie). ZRODLO: odpis aktualny KRS 0000287447, stan 19.08.2026, api-krs.ms.gov.pl","verdict=publish || TEZA: czynny radny Siedlec od szesnastu lat obsadza po kolei rady nadzorcze spolek komunalnych w trzech roznych powiatach - Siedlce, Lukow, teraz Otwock - i zadna z nich nie lezy w jego wlasnym miescie. || UWAGA: sprawdzona pulapka nr 1 - z trzech posad jedna (RM-MEDITRANS) jest rada spoleczna SPZOZ i zostala odrzucona; sierpniowa jest rada nadzorcza zwyklej spolki komunalnej i przechodzi. Zlaczenie: rocznik 1974 z PKW zgadza sie z dekada z PESEL-a; nazwisko Karas jest czeste, ale zaden inny zgodny rocznikowo rekord nie jest z Mazowsza."
10,Krzysztof Sitarski,publish,"Kandydat do Sejmu 2023 z listy KOMITETU WYBORCZEGO PRAWO I SPRAWIEDLIWOSC w okregu slaskim; wczesniej kandydat Kukiz'15 do Sejmu w 2015 i do Parlamentu Europejskiego w 2019. Przy kazdej z tych kandydatur deklarowal, ze nie nalezy do partii politycznej. | ZRODLO: wykaz kandydatow PKW (person_pkw, kanal oficjalny)","Prezes zarzadu MIEJSKIEGO OSRODKA SPORTU I REKREACJI W ZABRZU sp. z o.o. (KRS 0000083858, publiczna, rada nadzorcza) od 2026-08-19; potwierdzone, sygnatura S*******/K********, PESEL z cyfra 7. ZRODLO: odpis aktualny KRS 0000083858, stan 19.08.2026, api-krs.ms.gov.pl","verdict=publish || TEZA: czlowiek, ktory szedl do Sejmu z listy PiS w 2023, trzy lata pozniej dostaje prezesure miejskiej spolki w Zabrzu. || UWAGA: strona etykietuje go jako PiS, ale on sam przy kazdej kandydaturze deklarowal brak czlonkostwa w partii - etykieta pochodzi z komitetu, nie z deklaracji, i tak trzeba to opisac. Zlaczenie jest mocne: wszystkie trzy kandydatury sa ze Slaska (teryt 24), pracodawca tez, a dekada z PESEL-a sie zgadza."
11,Agnieszka Zagórska,skip,"BRAK powiazania politycznego. W wykazie PKW nie ma ani jednego rekordu tego imienia i nazwiska zgodnego z dekada urodzenia, ktora wynika z PESEL-a we wpisie KRS. | ZRODLO: wykaz kandydatow PKW (person_pkw, kanal oficjalny) Cztery rekordy PKW istnieja (roczniki 1963-1975), zaden z lat 80.","Czlonkini rady nadzorczej ZWIK PRUDNIK sp. z o.o. (KRS 0000100300, publiczna) od 2026-08-19; potwierdzone, PESEL z cyfra 8. ZRODLO: odpis aktualny KRS 0000100300, stan 19.08.2026, api-krs.ms.gov.pl","verdict=skip || TEZA: brak - sama posada w spolce publicznej nie jest powiazaniem politycznym. || UWAGA: posada zostala potwierdzona w aktualnym odpisie KRS, wiec wiersz nie polegl na danych, tylko na tym, ze nie ma czego opowiedziec. Dekada z PESEL-a to jedyne sito tozsamosci, jakim dysponuje zamaskowany odpis; gdyby kiedys pojawil sie pelny PESEL, warto to przeliczyc ponownie."
12,Piotr Kłosiński,skip,"Trzy kandydatury zgodne z dekada urodzenia (ur. 1965) - gmina Slomniki w Malopolsce, teryt 120612, komitety wyborcow, mandat w 2024. Wszystkie z innego wojewodztwa niz ktorykolwiek z jego pracodawcow, i zadna z listy partyjnej. | ZRODLO: wykaz kandydatow PKW (person_pkw, kanal oficjalny)","Prezes zarzadu PRZEDSIEBIORSTWA GOSPODARKI ODPADAMI sp. z o.o. (KRS 0000095525, publiczna, teryt 260418 - swietokrzyskie) od 2026-08-19; potwierdzone, PESEL z cyfra 6. Wczesniej zarzad PWiK w Jarocinie (Wielkopolska) 2024-2026 i Lotos Serwis 2016-2023. ZRODLO: odpis aktualny KRS 0000095525, stan 02.09.2026, api-krs.ms.gov.pl","verdict=skip || TEZA: brak. || UWAGA: to jest przypadek, w ktorym zlaczenie po imieniu i nazwisku wyglada obiecujaco i nie wytrzymuje geografii. Radny gminy Slomniki spod Krakowa i prezes spolki odpadowej ze swietokrzyskiego to prawie na pewno dwie osoby; kariera tego drugiego biegnie Gdansk - Jarocin - swietokrzyskie i nigdzie nie dotyka Malopolski."
13,MICHAŁ ROJEWSKI,publish,"Trzykrotny kandydat KOMITETU WYBORCZEGO PRAWO I SPRAWIEDLIWOSC w Bochni - 2010, 2014 i 2018, teryt 120101, rocznik 1971. Bochnia to jednoczesnie siedziba jego pracodawcy. | ZRODLO: wykaz kandydatow PKW (person_pkw, kanal oficjalny)","Kierownik SAMODZIELNEGO PUBLICZNEGO GMINNEGO ZAKLADU OPIEKI ZDROWOTNEJ W BOCHNI (KRS 0000036605, publiczna) od 2026-08-19. Potwierdzone w odpisie z rejestru S: organ reprezentacji to KIEROWNIK PUBLICZNEGO ZAKLADU OPIEKI ZDROWOTNEJ, sygnatura R*******/M***** (8+6 liter), PESEL z cyfra 7 - zgodne z rocznikiem 1971. Podmiot NIE MA wpisanej rady spolecznej, wiec pulapka nr 1 tu nie dziala; posada jest kierownicza, a nie nadzorcza. ZRODLO: odpis aktualny KRS 0000036605 (rejestr S), stan 19.08.2026, api-krs.ms.gov.pl","verdict=publish || TEZA: trzykrotny kandydat PiS w Bochni zostaje kierownikiem gminnego SPZOZ w Bochni - ta sama gmina, ta sama dekada, to samo srodowisko. || UWAGA: dwie rzeczy warte odnotowania. Po pierwsze, ten KRS odpowiada tylko w rejestrze S (stowarzyszenia i SPZOZ), a nie w P - zapytanie do rejestru przedsiebiorcow zwraca 404 i pierwsze podejscie zapisalo ten blad do cache'u. Po drugie, posady kierownika SPZOZ pipeline widzi jako ""Zarzad"", co akurat jest uczciwym przyblizeniem. Zlaczenie domkniete na rocznik i gmine."
14,Jan Pędrak,skip,"Jedyny zgodny rocznikowo rekord PKW to kandydatura z 1998 w Lubinie z Komitetu Wyborczego ""Porozumienie Samorzadowe"" (ur. 1958) - komitet wyborcow, bez partii, sprzed dwudziestu osmiu lat, bez mandatu. | ZRODLO: wykaz kandydatow PKW (person_pkw, kanal oficjalny)","Czlonek rady nadzorczej WOJEWODZKIEGO PRZEDSIEBIORSTWA ENERGETYKI CIEPLNEJ W LEGNICY SA (KRS 0000081828, publiczna) od 2026-08-18; potwierdzone, PESEL z cyfra 5. Wczesniej zarzad Lubinpexu 2009-2014 i Aquaparku Polkowice 2002-2007. ZRODLO: odpis aktualny KRS 0000081828, stan 18.08.2026, api-krs.ms.gov.pl","verdict=skip || TEZA: brak - dlugi zyciorys w spolkach Zaglebia Miedziowego, ale nic, co laczyloby go z jakakolwiek partia. || UWAGA: jedna kandydatura z komitetu wyborcow sprzed niemal trzydziestu lat nie jest powiazaniem politycznym w rozumieniu strony, nawet jesli kolejnosc posad wyglada na kariere w jednym ukladzie lokalnym."
15,Bożena Krawczyk Ptaś,skip,"Osiem rekordow PKW zgodnych z dekada (ur. lata 70.), w tym mandat w 2024 - ale wszystkie z komitetow wyborcow, zaden z listy partyjnej, i najblizszy geograficznie (teryt 241107, powiat pszczynski) to nie jest powiat jej pracodawcy (Ruda Slaska, 247201). | ZRODLO: wykaz kandydatow PKW (person_pkw, kanal oficjalny) - 38 rekordow tego imienia i nazwiska lacznie, 30 odrzuconych po dekadzie urodzenia.","Czlonkini rady nadzorczej AQUADROM sp. z o.o. (KRS 0000252866, publiczna) od 2026-08-18, oraz rady nadzorczej Slaskiego Inkubatora Przedsiebiorczosci od 2024-08-13; pierwsza potwierdzona, sygnatura K*******|P***/B*****, PESEL z cyfra 7. ZRODLO: odpis aktualny KRS 0000252866, stan 21.08.2026, api-krs.ms.gov.pl","verdict=skip || TEZA: brak. || UWAGA: dwuczlonowe nazwisko pomoglo - odpis podaje obie czlony osobno (K*******|P***), co jednoznacznie potwierdza posade. Nie pomoglo natomiast tozsamosci po stronie PKW, gdzie wykaz zna ja pod jednym z tych nazwisk i nie da sie rozstrzygnac, ktory z osmiu zgodnych rocznikowo rekordow to ona."
16,Adam Jaśkiewicz,skip,"BRAK powiazania politycznego. W wykazie PKW nie ma ani jednego rekordu tego imienia i nazwiska zgodnego z dekada urodzenia, ktora wynika z PESEL-a we wpisie KRS. | ZRODLO: wykaz kandydatow PKW (person_pkw, kanal oficjalny) Jedyny rekord PKW (2002, Stowarzyszenie Elblaskiej Lewicy) dotyczy osoby ur. 1950.","Prokurent ZAKLADU GOSPODARKI KOMUNALNEJ W JEZIERZYCACH sp. z o.o. (KRS 0000263937, publiczna) od 2026-08-18 - to jego druga prokura w tej spolce, pierwsza byla w latach 2011-2016; potwierdzone, PESEL z cyfra 7. Rada nadzorcza OSiR Redzikowo 2013-2026. ZRODLO: odpis aktualny KRS 0000263937, stan 18.08.2026, api-krs.ms.gov.pl","verdict=skip || TEZA: brak - sama posada w spolce publicznej nie jest powiazaniem politycznym. || UWAGA: posada zostala potwierdzona w aktualnym odpisie KRS, wiec wiersz nie polegl na danych, tylko na tym, ze nie ma czego opowiedziec. Dekada z PESEL-a to jedyne sito tozsamosci, jakim dysponuje zamaskowany odpis; gdyby kiedys pojawil sie pelny PESEL, warto to przeliczyc ponownie."
17,Bogusława Gurgul,skip,"BRAK powiazania politycznego. W wykazie PKW nie ma ani jednego rekordu tego imienia i nazwiska zgodnego z dekada urodzenia, ktora wynika z PESEL-a we wpisie KRS. | ZRODLO: wykaz kandydatow PKW (person_pkw, kanal oficjalny)","Prokurent MIEJSKIEGO PRZEDSIEBIORSTWA ENERGETYKI CIEPLNEJ sp. z o.o. (KRS 0000066997, publiczna) od 2026-08-18; potwierdzone, PESEL z cyfra 7. Rada nadzorcza SIM SLASK od 2025-10-21. ZRODLO: odpis aktualny KRS 0000066997, stan 18.08.2026, api-krs.ms.gov.pl","verdict=skip || TEZA: brak - sama posada w spolce publicznej nie jest powiazaniem politycznym. || UWAGA: posada zostala potwierdzona w aktualnym odpisie KRS, wiec wiersz nie polegl na danych, tylko na tym, ze nie ma czego opowiedziec. Dekada z PESEL-a to jedyne sito tozsamosci, jakim dysponuje zamaskowany odpis; gdyby kiedys pojawil sie pelny PESEL, warto to przeliczyc ponownie."
18,Łukasz Kaczmarski,skip,"BRAK powiazania politycznego. W wykazie PKW nie ma ani jednego rekordu tego imienia i nazwiska zgodnego z dekada urodzenia, ktora wynika z PESEL-a we wpisie KRS. | ZRODLO: wykaz kandydatow PKW (person_pkw, kanal oficjalny) Jedyny rekord PKW (2024, KWW Edyty Rebis) dotyczy osoby ur. 1990 - dekada sie nie zgadza.","Czlonek rady nadzorczej PRZEDSIEBIORSTWA WODOCIAGOW I KANALIZACJI sp. z o.o. (KRS 0000158259, publiczna) od 2026-08-17; potwierdzone, PESEL z cyfra 8. ZRODLO: odpis aktualny KRS 0000158259, stan 17.08.2026, api-krs.ms.gov.pl","verdict=skip || TEZA: brak - sama posada w spolce publicznej nie jest powiazaniem politycznym. || UWAGA: posada zostala potwierdzona w aktualnym odpisie KRS, wiec wiersz nie polegl na danych, tylko na tym, ze nie ma czego opowiedziec. Dekada z PESEL-a to jedyne sito tozsamosci, jakim dysponuje zamaskowany odpis; gdyby kiedys pojawil sie pelny PESEL, warto to przeliczyc ponownie."
19,Daria Sękowska,maybe,"Strona przypisuje jej deklaracje czlonkostwa w Platformie Obywatelskiej RP przy kandydaturze do Sejmu w 2011 - i taki rekord w PKW istnieje, ale nie ma przy nim rocznika, a okreg to malopolski (teryt 12). Drugi zgodny z dekada rekord to mandat z 2024 z KWW Sebastiana Lawniczaka w Wielkopolsce (teryt 301006, ur. 1983). Zaden z nich nie lezy tam, gdzie spolka. | ZRODLO: wykaz kandydatow PKW (person_pkw, kanal oficjalny)","Czlonkini rady nadzorczej FABRYKA CHELM sp. z o.o. W LIKWIDACJI (KRS 0000985611, publiczna, siedziba w Warszawie) od 2026-08-13; potwierdzone, sygnatura S*******/D****, PESEL z cyfra 8. ZRODLO: odpis aktualny KRS 0000985611, stan 13.08.2026, api-krs.ms.gov.pl","verdict=maybe || TEZA: jesli to ta sama osoba, mamy deklarowana czlonkinie PO w radzie nadzorczej spolki publicznej - ale wlasnie tego ""jesli"" nie udalo sie zamknac. || UWAGA: to jest podrecznikowy przypadek ryzyka zlaczenia. Deklaracja czlonkostwa w PO jest mocnym dowodem, ale pochodzi z kandydatury bez rocznika w innym wojewodztwie; jedyny rekord z rocznikiem zgodnym z PESEL-em jest z trzeciego wojewodztwa i z komitetu wyborcow. Falsyfikowalne przez date urodzenia kandydatki z 2011 - PKW jej nie podaje, ale protokol okregowy moze."
20,Edyta Zębala,skip,"BRAK powiazania politycznego. W wykazie PKW nie ma ani jednego rekordu tego imienia i nazwiska zgodnego z dekada urodzenia, ktora wynika z PESEL-a we wpisie KRS. | ZRODLO: wykaz kandydatow PKW (person_pkw, kanal oficjalny)","Czlonkini rad nadzorczych dwoch spolek: FABRYKA CHELM sp. z o.o. w likwidacji (KRS 0000985611) od 2026-08-13 i FABRYKA TERTIO PONTE sp. z o.o. (KRS 0000929314) od 2026-08-07, obie publiczne; obie potwierdzone, PESEL z cyfra 7. ZRODLO: odpis aktualny KRS 0000985611, stan 13.08.2026, api-krs.ms.gov.pl; odpis aktualny KRS 0000929314, stan 07.08.2026, api-krs.ms.gov.pl","verdict=skip || TEZA: brak - sama posada w spolce publicznej nie jest powiazaniem politycznym. || UWAGA: posada zostala potwierdzona w aktualnym odpisie KRS, wiec wiersz nie polegl na danych, tylko na tym, ze nie ma czego opowiedziec. Dekada z PESEL-a to jedyne sito tozsamosci, jakim dysponuje zamaskowany odpis; gdyby kiedys pojawil sie pelny PESEL, warto to przeliczyc ponownie."
21,Katarzyna Muszyńska,skip,"Trzy rekordy zgodne z dekada (ur. 1974/1975), wszystkie z komitetow wyborcow - Lowicz w 2014 i powiat elblaski w 2018 i 2024 (mandat). Zadnej listy partyjnej; najblizszy geograficznie rekord jest z innego powiatu niz spolka. | ZRODLO: wykaz kandydatow PKW (person_pkw, kanal oficjalny)","Czlonkini rady nadzorczej MIEJSKIEGO PRZEDSIEBIORSTWA WODOCIAGOW I KANALIZACJI W ZDUNSKIEJ WOLI sp. z o.o. (KRS 0000128732, publiczna) od 2026-08-12; potwierdzone, PESEL z cyfra 7. ZRODLO: odpis aktualny KRS 0000128732, stan 12.08.2026, api-krs.ms.gov.pl","verdict=skip || TEZA: brak. || UWAGA: nazwisko pospolite (8 rekordow w PKW, 5 odrzuconych po dekadzie), zadnej partii i zadnej zgodnosci powiatu - nie ma na czym oprzec ani tezy, ani tozsamosci."
22,Wojciech Górnicki,skip,"Strona przypisuje mu kandydature SDPL do Sejmu w 2005 i start z listy CentroLewicy do PE w 2009. Te rekordy istnieja, ale sa bez rocznika, a caly otaczajacy je slad w PKW - kandydatury samorzadowe w powiecie mielckim (teryt 181904) z lat 2002-2014 - dotyczy osoby ur. 1958. PESEL we wpisie KRS zaczyna sie od 8, czyli prokurent urodzil sie w latach 80. To niemal na pewno dwie osoby. | ZRODLO: wykaz kandydatow PKW (person_pkw, kanal oficjalny)","Prokurent ORLEN NEPTUN sp. z o.o. (KRS 0000888254, publiczna) od 2026-08-12; potwierdzone, sygnatura G*******/W*******, PESEL z cyfra 8. ZRODLO: odpis aktualny KRS 0000888254, stan 12.08.2026, api-krs.ms.gov.pl","verdict=skip || TEZA: brak. || UWAGA: to jest znaleziony blad w danych strony, a nie tylko brak powiazania. Strona pokazuje przy tej osobie kandydatury z SDPL i CentroLewicy; dekada z PESEL-a w KRS wyklucza, zeby byly jego. Warto to zglosic osobno - falszywie przypisana kandydatura lewicowa to dokladnie ten rodzaj bledu, ktory na opublikowanej stronie jest kosztowny."
23,MAŁGORZATA GRADZIUK,publish,"Dwukrotna kandydatka Platformy Obywatelskiej w Slupsku: 2014 z Komitetu Wyborczego Platforma Obywatelska RP i 2018 z KKW Platforma.Nowoczesna Koalicja Obywatelska, teryt 226301 (miasto Slupsk), rocznik 1983. Slupsk to jednoczesnie siedziba jej pracodawcy. | ZRODLO: wykaz kandydatow PKW (person_pkw, kanal oficjalny) - tylko dwa rekordy tego imienia i nazwiska w calym wykazie, oba jej.","Kierownik REGIONALNEGO CENTRUM KRWIODAWSTWA I KRWIOLECZNICTWA IM. JANA PAWLA II W SLUPSKU (KRS 0000025543, publiczna) od 2026-08-12. Potwierdzone w odpisie z rejestru S: organ reprezentacji to KIEROWNIK SPZOZ, sygnatura G*******/M********* (8+10 liter), PESEL z cyfra 8, kwalifikacje: studia podyplomowe z organizacji i zarzadzania w ochronie zdrowia. Podmiot nie ma wpisanej rady spolecznej. ZRODLO: odpis aktualny KRS 0000025543 (rejestr S), stan 12.08.2026, api-krs.ms.gov.pl","verdict=publish || TEZA: dwukrotna kandydatka PO w Slupsku obejmuje kierownictwo slupskiego regionalnego centrum krwiodawstwa - jednostki podleglej ministrowi zdrowia, nie samorzadowi, wiec nominacja idzie kanalem rzadowym. || UWAGA: to jest najczystsze zlaczenie w calej sierpniowej setce: dwa (i tylko dwa) rekordy w PKW, oba z tego samego miasta, rocznik zgodny z dekada z PESEL-a, miasto zgodne z siedziba pracodawcy. Warto odnotowac, ze api-krs trzyma SPZOZ-y w rejestrze S i reprezentacje pod kluczem reprezentacjaIBIGBPPSPZOZ, a nie tam, gdzie spolki - pierwsze przejscie tej triazy przegapilo z tego powodu dwie kierownicze posady."
24,Monika Mroczek,skip,"Jedyny rekord PKW zgodny z dekada to kandydatura z 2018 z KOMITETU WYBORCZEGO KOLBUDY 24 (teryt 220403, powiat gdanski, ur. 1988) - komitet wyborcow, bez mandatu, i z drugiego konca kraju wzgledem spolki. | ZRODLO: wykaz kandydatow PKW (person_pkw, kanal oficjalny)","Czlonkini zarzadu PRZEDSIEBIORSTWA WODOCIAGOW I KANALIZACJI ZORY sp. z o.o. (KRS 0000125454, publiczna, teryt 247901 - Zory na Slasku) od 2026-08-12; potwierdzone, PESEL z cyfra 8. ZRODLO: odpis aktualny KRS 0000125454, stan 12.08.2026, api-krs.ms.gov.pl","verdict=skip || TEZA: brak. || UWAGA: strona przypisuje jej te kandydature z Kolbud, ale Kolbudy leza pod Gdanskiem, a spolka jest w Zorach - 500 km dalej. Rocznik akurat pasuje, wiec to nie jest oczywisty blad, tylko zlaczenie na samym imieniu i nazwisku. Nawet gdyby to byla ona, komitet wyborcow bez mandatu nie jest powiazaniem politycznym."
25,Wojciech Rzyczniak,skip,"BRAK powiazania politycznego. W wykazie PKW nie ma ani jednego rekordu tego imienia i nazwiska zgodnego z dekada urodzenia, ktora wynika z PESEL-a we wpisie KRS. | ZRODLO: wykaz kandydatow PKW (person_pkw, kanal oficjalny)","Prezes zarzadu MIEJSKIEGO ZAKLADU KOMUNIKACYJNEGO W ZYWCU sp. z o.o. (KRS 0000107697, publiczna) od 2026-08-11; potwierdzone, PESEL z cyfra 7. ZRODLO: odpis aktualny KRS 0000107697, stan 11.08.2026, api-krs.ms.gov.pl","verdict=skip || TEZA: brak - sama posada w spolce publicznej nie jest powiazaniem politycznym. || UWAGA: posada zostala potwierdzona w aktualnym odpisie KRS, wiec wiersz nie polegl na danych, tylko na tym, ze nie ma czego opowiedziec. Dekada z PESEL-a to jedyne sito tozsamosci, jakim dysponuje zamaskowany odpis; gdyby kiedys pojawil sie pelny PESEL, warto to przeliczyc ponownie."
26,PIOTR SZWEDZIŃSKI,publish,"Dwukrotny kandydat Platformy Obywatelskiej w Sosnowcu: 2014 z Komitetu Wyborczego Platforma Obywatelska RP i 2018 z KKW Platforma.Nowoczesna Koalicja Obywatelska, teryt 246501 (miasto Sosnowiec), rocznik 1984. Sosnowiec to siedziba jego pracodawcy. | ZRODLO: wykaz kandydatow PKW (person_pkw, kanal oficjalny) - tylko dwa rekordy tego imienia i nazwiska w calym wykazie.","Kierownik SAMODZIELNEGO PUBLICZNEGO ZAKLADU OPIEKI ZDROWOTNEJ REJONOWE POGOTOWIE RATUNKOWE W SOSNOWCU (KRS 0000032984) od 2026-08-10. Potwierdzone w odpisie z rejestru S: organ reprezentacji to KIEROWNIK PUBLICZNEGO ZAKLADU OPIEKI ZDROWOTNEJ, sygnatura S**********/P****/K**** (11+5+5), PESEL z cyfra 8, kwalifikacje: ratownik medyczny. ZRODLO: odpis aktualny KRS 0000032984 (rejestr S), stan 26.08.2026, api-krs.ms.gov.pl","verdict=publish || TEZA: dwukrotny kandydat PO w Sosnowcu kieruje sosnowieckim pogotowiem ratunkowym - podleglym marszalkowi wojewodztwa slaskiego, gdzie rzadzi koalicja z PO. || UWAGA: ten podmiot MA rade spoleczna i to jest wazne rozroznienie - dziewiecioro ludzi w radzie spolecznej tego pogotowia nie liczyloby sie, ale on nie jest w radzie, tylko jest kierownikiem, czyli organem wykonawczym. Pulapka nr 1 dotyczy organu nadzoru, nie kierownictwa, i ten wiersz ja przechodzi. Zlaczenie: dwa rekordy w PKW, oba z Sosnowca, rocznik 1984 zgodny z dekada z PESEL-a."
27,Aneta Gajger,skip,"BRAK powiazania politycznego. W wykazie PKW nie ma ani jednego rekordu tego imienia i nazwiska zgodnego z dekada urodzenia, ktora wynika z PESEL-a we wpisie KRS. | ZRODLO: wykaz kandydatow PKW (person_pkw, kanal oficjalny)","Czlonek/czlonkini rady nadzorczej ZAKLAD UTYLIZACJI ODPADOW KOMUNALNYCH ""STARY LAS"" sp. z o.o. (KRS 0000177882, publiczna) od sierpnia 2026; potwierdzone, PESEL z cyfra 7. ZRODLO: odpis aktualny KRS 0000177882, stan 10.08.2026, api-krs.ms.gov.pl","verdict=skip || TEZA: brak - sama posada w spolce publicznej nie jest powiazaniem politycznym. || UWAGA: posada zostala potwierdzona w aktualnym odpisie KRS, wiec wiersz nie polegl na danych, tylko na tym, ze nie ma czego opowiedziec. Dekada z PESEL-a to jedyne sito tozsamosci, jakim dysponuje zamaskowany odpis; gdyby kiedys pojawil sie pelny PESEL, warto to przeliczyc ponownie."
28,Maciej Stolc,skip,"BRAK powiazania politycznego. W wykazie PKW nie ma ani jednego rekordu tego imienia i nazwiska zgodnego z dekada urodzenia, ktora wynika z PESEL-a we wpisie KRS. | ZRODLO: wykaz kandydatow PKW (person_pkw, kanal oficjalny)","Czlonek/czlonkini rady nadzorczej ZAKLAD UTYLIZACJI ODPADOW KOMUNALNYCH ""STARY LAS"" sp. z o.o. (KRS 0000177882, publiczna) od sierpnia 2026; potwierdzone, PESEL z cyfra 9. ZRODLO: odpis aktualny KRS 0000177882, stan 10.08.2026, api-krs.ms.gov.pl","verdict=skip || TEZA: brak - sama posada w spolce publicznej nie jest powiazaniem politycznym. || UWAGA: posada zostala potwierdzona w aktualnym odpisie KRS, wiec wiersz nie polegl na danych, tylko na tym, ze nie ma czego opowiedziec. Dekada z PESEL-a to jedyne sito tozsamosci, jakim dysponuje zamaskowany odpis; gdyby kiedys pojawil sie pelny PESEL, warto to przeliczyc ponownie."
29,Jolanta Staruk,maybe,"Jedyny rekord PKW: kandydatka do rady powiatu gryfinskiego w 2018 z KOMITETU WYBORCZEGO WYBORCOW INICJATYWA SAMORZADOWA (teryt 320600, ur. 1963), bez mandatu. Komitet wyborcow, nie partia - ale powiat zgadza sie co do cyfry z siedziba spolki. | ZRODLO: wykaz kandydatow PKW (person_pkw, kanal oficjalny)","Czlonkini rady nadzorczej ""SZPITALA POWIATOWEGO W GRYFINIE"" sp. z o.o. (KRS 0000304531, publiczna) od 2026-08-10; potwierdzone, PESEL z cyfra 6 - zgodne z rocznikiem 1963. WAZNE: mimo ze to szpital, jest to spolka z o.o., a nie SPZOZ - jej organem nadzoru jest RADA NADZORCZA, nie rada spoleczna, wiec pulapka nr 1 tu nie dziala. ZRODLO: odpis aktualny KRS 0000304531, stan 31.08.2026, api-krs.ms.gov.pl","verdict=maybe || TEZA: kandydatka do rady tego samego powiatu, ktory jest wlascicielem szpitala, osiem lat pozniej zasiada w jego radzie nadzorczej. || UWAGA: zlaczenie jest tu nietypowo mocne (jeden jedyny rekord w PKW, zgodny rocznik, zgodny powiat), a slabe jest samo powiazanie - lokalny komitet wyborcow bez mandatu i bez partii. Maybe, nie publish, bo strona dokumentuje polityke, a start z listy ""Inicjatywa Samorzadowa"" nie mowi, z kim ta osoba trzyma. Gdyby udalo sie ustalic, kto ten komitet zarejestrowal i kto dzis rzadzi powiatem gryfinskim, to moze byc publish."
30,Małgorzata Wiszniewska,skip,"BRAK powiazania politycznego. W wykazie PKW nie ma ani jednego rekordu tego imienia i nazwiska zgodnego z dekada urodzenia, ktora wynika z PESEL-a we wpisie KRS. | ZRODLO: wykaz kandydatow PKW (person_pkw, kanal oficjalny)","Czlonek/czlonkini rady nadzorczej PRZEDSIEBIORSTWO GOSPODARKI KOMUNALNEJ ""KOMUNALNIK"" sp. z o.o. (KRS 0000067241, publiczna) od sierpnia 2026; potwierdzone, PESEL z cyfra 8. ZRODLO: odpis aktualny KRS 0000067241, stan 07.08.2026, api-krs.ms.gov.pl","verdict=skip || TEZA: brak - sama posada w spolce publicznej nie jest powiazaniem politycznym. || UWAGA: posada zostala potwierdzona w aktualnym odpisie KRS, wiec wiersz nie polegl na danych, tylko na tym, ze nie ma czego opowiedziec. Dekada z PESEL-a to jedyne sito tozsamosci, jakim dysponuje zamaskowany odpis; gdyby kiedys pojawil sie pelny PESEL, warto to przeliczyc ponownie."
31,Natalia Hnat,skip,"BRAK powiazania politycznego. W wykazie PKW nie ma ani jednego rekordu tego imienia i nazwiska zgodnego z dekada urodzenia, ktora wynika z PESEL-a we wpisie KRS. | ZRODLO: wykaz kandydatow PKW (person_pkw, kanal oficjalny)","Czlonek/czlonkini rady nadzorczej PRZEDSIEBIORSTWO GOSPODARKI KOMUNALNEJ ""KOMUNALNIK"" sp. z o.o. (KRS 0000067241, publiczna) od sierpnia 2026; potwierdzone, PESEL z cyfra 9. ZRODLO: odpis aktualny KRS 0000067241, stan 07.08.2026, api-krs.ms.gov.pl","verdict=skip || TEZA: brak - sama posada w spolce publicznej nie jest powiazaniem politycznym. || UWAGA: posada zostala potwierdzona w aktualnym odpisie KRS, wiec wiersz nie polegl na danych, tylko na tym, ze nie ma czego opowiedziec. Dekada z PESEL-a to jedyne sito tozsamosci, jakim dysponuje zamaskowany odpis; gdyby kiedys pojawil sie pelny PESEL, warto to przeliczyc ponownie."
32,Aleksander Zawisza,skip,"BRAK powiazania politycznego. W wykazie PKW nie ma ani jednego rekordu tego imienia i nazwiska zgodnego z dekada urodzenia, ktora wynika z PESEL-a we wpisie KRS. | ZRODLO: wykaz kandydatow PKW (person_pkw, kanal oficjalny)","Czlonek/czlonkini rady nadzorczej PRZEDSIEBIORSTWO ENERGETYKI CIEPLNEJ SOCHACZEW sp. z o.o. (KRS 0000085942, publiczna) od sierpnia 2026; potwierdzone, PESEL z cyfra 7. ZRODLO: odpis aktualny KRS 0000085942, stan 07.08.2026, api-krs.ms.gov.pl","verdict=skip || TEZA: brak - sama posada w spolce publicznej nie jest powiazaniem politycznym. || UWAGA: posada zostala potwierdzona w aktualnym odpisie KRS, wiec wiersz nie polegl na danych, tylko na tym, ze nie ma czego opowiedziec. Dekada z PESEL-a to jedyne sito tozsamosci, jakim dysponuje zamaskowany odpis; gdyby kiedys pojawil sie pelny PESEL, warto to przeliczyc ponownie."
33,Krystian Jakubowski,skip,"BRAK powiazania politycznego. W wykazie PKW nie ma ani jednego rekordu tego imienia i nazwiska zgodnego z dekada urodzenia, ktora wynika z PESEL-a we wpisie KRS. | ZRODLO: wykaz kandydatow PKW (person_pkw, kanal oficjalny)","Czlonek rady nadzorczej ""WODOCIAGI SLUPSK"" sp. z o.o. (KRS 0000078635, publiczna) od 2026-08-07; potwierdzone, PESEL z cyfra 8. ZRODLO: odpis aktualny KRS 0000078635, stan 07.08.2026, api-krs.ms.gov.pl","verdict=skip || TEZA: brak - sama posada w spolce publicznej nie jest powiazaniem politycznym. || UWAGA: posada zostala potwierdzona w aktualnym odpisie KRS, wiec wiersz nie polegl na danych, tylko na tym, ze nie ma czego opowiedziec. Dekada z PESEL-a to jedyne sito tozsamosci, jakim dysponuje zamaskowany odpis; gdyby kiedys pojawil sie pelny PESEL, warto to przeliczyc ponownie."
34,Erwin Filipczyk,skip,"Jedyny rekord PKW zgodny z dekada to kandydatura z 2024 z KWW PARTNERSTWO w powiecie kedzierzynsko-kozielskim (teryt 160500, ur. 1963), bez mandatu, z komitetu wyborcow. | ZRODLO: wykaz kandydatow PKW (person_pkw, kanal oficjalny)","Czlonek KOMISJI REWIZYJNEJ Izby Gospodarczej ""SLASK"" (KRS 0000076267) od 2026-08-07, po dwudziestu latach w jej zarzadzie (2006-2026); rownolegle czlonek prezydium rady Ogolnopolskiej Izby Gospodarczej Drogownictwa. Obie potwierdzone, PESEL z cyfra 6. ZRODLO: odpis aktualny KRS 0000076267, stan 07.08.2026, api-krs.ms.gov.pl; odpis aktualny KRS 0000026162, stan 30.06.2026, api-krs.ms.gov.pl","verdict=skip || TEZA: brak. || UWAGA: wiersz umiera na pracodawcy, a nie na powiazaniu. Izba gospodarcza to samorzad gospodarczy - organizacja przedsiebiorcow, nie podmiot publiczny (is_public=false, organ nadzoru to komisja rewizyjna, a nie rada nadzorcza). To nie jest znany falszywy negatyw flagi: izba naprawde nie ma wlasciciela publicznego. Taki sam los spotyka w tej partii wszystkie cztery wiersze z cechow rzemieslniczych (nr 43, 48, 49, 50, 51)."
35,Zenon Antoni Turowski,maybe,"Piec rekordow PKW zgodnych z dekada (ur. 1973), wszystkie z powiatu krosnienskiego w lubuskiem (teryt 0802): kandydat SLD w 2002, 2010 i 2014 oraz KWW Ponad Podzialami w 2018. Strona przypisuje mu dokladnie te kandydatury i etykietuje go jako SLD. | ZRODLO: wykaz kandydatow PKW (person_pkw, kanal oficjalny)","Czlonek rady nadzorczej MIEJSKIEGO PRZEDSIEBIORSTWA OCZYSZCZANIA sp. z o.o. w Szczecinie (KRS 0000033986, publiczna) od 2026-08-06 oraz rady nadzorczej GPK GLOGOW sp. z o.o. (KRS 0000026618, publiczna) od 2024-03-29; obie potwierdzone, PESEL z cyfra 7. Miedzy nimi zarzad PreZero Dolny Slask (prywatna) 2023-2024. ZRODLO: odpis aktualny KRS 0000033986, stan 06.08.2026, api-krs.ms.gov.pl; odpis aktualny KRS 0000026618, stan 29.06.2026, api-krs.ms.gov.pl","verdict=maybe || TEZA: trzykrotny kandydat SLD zbiera rady nadzorcze spolek komunalnych branzy odpadowej w dwoch wojewodztwach naraz. || UWAGA: powiazanie jest realne (lista partyjna, trzy razy), zlaczenie tozsamosci - nie do konca. Kandydatury sa z lubuskiego, a obie posady z zachodniopomorskiego i dolnoslaskiego; to nie wyklucza tej samej osoby (branza odpadowa jest ponadregionalna, a te powiaty nie sa od siebie daleko), ale tez tego nie dowodzi. Strona juz to zlaczenie zrobila i etykietuje go jako SLD - to znaczy, ze blad, jesli jest, juz w danych siedzi. Falsyfikowalne przez pelna date urodzenia z ktoregokolwiek odpisu pelnego."
36,Karol Konieczny,skip,"Jedyny rekord zgodny z dekada: kandydat KOMITETU WYBORCZEGO FORUM SAMORZADOWE GMIN w powiecie sokolowskim na Mazowszu (teryt 143200, ur. 1984), bez mandatu. Spolka jest w Lukowie na Lubelszczyznie. | ZRODLO: wykaz kandydatow PKW (person_pkw, kanal oficjalny)","Czlonek rady nadzorczej PRZEDSIEBIORSTWA ENERGETYKI CIEPLNEJ W LUKOWIE sp. z o.o. (KRS 0000064366, publiczna) od 2026-08-06; potwierdzone, PESEL z cyfra 8. ZRODLO: odpis aktualny KRS 0000064366, stan 05.09.2026, api-krs.ms.gov.pl","verdict=skip || TEZA: brak. || UWAGA: warto zauwazyc, ze wszedl do tej samej rady nadzorczej, z ktorej szesc dni wczesniej (2026-08-06) wyszedl Piotr Tomasz Karas (nr 9 tej listy). Sama podmianka nie jest dowodem na nic, ale gdyby ktos chcial ciagnac watek PEC Lukow, to jest wlasciwe miejsce."
37,Jacek Bielawski,skip,"BRAK powiazania politycznego: osiem rekordow PKW o tym imieniu i nazwiska, ani jeden nie jest z lat 80., czyli z dekady wynikajacej z PESEL-a we wpisie KRS. | ZRODLO: wykaz kandydatow PKW (person_pkw, kanal oficjalny)","Prezes zarzadu KRAKOW NOWA HUTA PRZYSZLOSCI SA (KRS 0000546817) od 2026-08-06, wczesniej jej prokurent od 2026-07-23; rownolegle prokurent Agencji Rozwoju Gospodarczego Krakow-Wschod sp. z o.o. (KRS 0000040815) od 2026-07-09. Obie potwierdzone, PESEL z cyfra 8. ZRODLO: odpis aktualny KRS 0000546817, stan 25.08.2026, api-krs.ms.gov.pl; odpis aktualny KRS 0000040815, stan 20.07.2026, api-krs.ms.gov.pl","verdict=skip || TEZA: brak. || UWAGA: obie spolki maja w bazie is_public=false, a obie sa w rzeczywistosci spolkami Gminy Miejskiej Krakow i wojewodztwa malopolskiego - to jest podejrzenie falszywego negatywu flagi, warte zgloszenia niezaleznie od tego wiersza. Sam wiersz i tak polegl na braku powiazania, wiec nie musialem sie na tym opierac."
38,Tomasz Łapicz,publish,"Kandydat KOMITETU WYBORCZEGO PRAWO I SPRAWIEDLIWOSC do rady powiatu inowroclawskiego w 2014 (teryt 040700, ur. 1977). Kruszwica, gdzie jest jego spolka, lezy w powiecie inowroclawskim. | ZRODLO: wykaz kandydatow PKW (person_pkw, kanal oficjalny) - jeden rekord, zgodny z dekada z PESEL-a; strona etykietuje go jako PiS z tej samej kandydatury.","Prezes zarzadu PRZEDSIEBIORSTWA KOMUNALNEGO W KRUSZWICY sp. z o.o. (KRS 0000101600, publiczna) od 2026-08-06; potwierdzone, PESEL z cyfra 7. Rownolegle czlonek rady nadzorczej MOGILNO SPORT sp. z o.o. (KRS 0000443274, publiczna) od 2024-06-27 - tez potwierdzone. Wczesniej rada nadzorcza CKK Jordanki w Toruniu (2019-2024) i rada spoleczna sanatorium MSWiA ""Orion"" w Ciechocinku (2017-2024; ta ostatnia sie nie liczy). ZRODLO: odpis aktualny KRS 0000101600, stan 09.09.2026, api-krs.ms.gov.pl; odpis aktualny KRS 0000443274, stan 05.08.2026, api-krs.ms.gov.pl","verdict=publish || TEZA: kandydat PiS do rady powiatu inowroclawskiego zbiera posady w spolkach komunalnych Kujaw od 2017 roku - Ciechocinek, Torun, Mogilno, a od sierpnia prezesura w Kruszwicy. || UWAGA: pulapka nr 1 sprawdzona - jedna z czterech posad (sanatorium ""Orion"") to rada spoleczna SPZOZ i nie liczy sie; pozostale trzy sa radami nadzorczymi albo zarzadem. Zlaczenie oparte na jednym rekordzie PKW - rocznik 1977 zgodny z dekada z PESEL-a i powiat zgodny z siedziba spolki. Jedna przegrana kandydatura sprzed dwunastu lat to niewiele, ale jest z listy partyjnej i jest z tego samego powiatu."
39,Krzysztof Wetta,publish,"Czlonek Prawa i Sprawiedliwosci z wlasnej deklaracji w PKW - trzykrotnie, przy kandydaturach do Sejmu w 2011 i 2019 oraz do rady powiatu leborskiego w 2018. Radny powiatu leborskiego WYBRANY w 2024 z listy KW Prawo i Sprawiedliwosc; kandydowal w Leborku nieprzerwanie od 1998 (ur. 1965/1966). | ZRODLO: wykaz kandydatow PKW (person_pkw, kanal oficjalny) - dziewiec kandydatur, wszystkie z powiatu leborskiego albo okregu pomorskiego, wszystkie zgodne z dekada z PESEL-a.","Czlonek rady nadzorczej ZAKLADU KOMUNIKACJI MIEJSKIEJ W LEBORKU sp. z o.o. (KRS 0000130594, publiczna, teryt 220801 - Lebork) od 2026-08-05; potwierdzone, PESEL z cyfra 6. ZRODLO: odpis aktualny KRS 0000130594, stan 05.08.2026, api-krs.ms.gov.pl","verdict=publish || TEZA: czynny radny powiatu leborskiego, deklarowany czlonek PiS, wchodzi do rady nadzorczej leborskiej spolki komunalnej - mandat i nadzor nad spolka w jednym miescie i w jednym czasie. || UWAGA: to najmocniejszy wiersz w calej sierpniowej sesji i jedyny, w ktorym nie mam zadnego zastrzezenia. Deklaracja czlonkostwa pochodzi od niego samego i powtarza sie trzy razy w odstepie osmiu lat, mandat jest biezacy, wszystkie dziewiec kandydatur jest z tego samego powiatu co spolka, a dekada z PESEL-a sie zgadza. Jedyna rzecz do sprawdzenia przed publikacja: w tej samej radzie nadzorczej w tym samym dniu znalezli sie Krzysztof Obolewski (nr 40) i Weronika Gruszkiewicz (nr 42) - cala rada zostala wymieniona 5 sierpnia naraz."
40,Krzysztof Obolewski,skip,"BRAK powiazania politycznego. W wykazie PKW nie ma ani jednego rekordu tego imienia i nazwiska zgodnego z dekada urodzenia, ktora wynika z PESEL-a we wpisie KRS. | ZRODLO: wykaz kandydatow PKW (person_pkw, kanal oficjalny)","Czlonek/czlonkini rady nadzorczej ZAKLAD KOMUNIKACJI MIEJSKIEJ W LEBORKU sp. z o.o. (KRS 0000130594, publiczna) od sierpnia 2026; potwierdzone, PESEL z cyfra 7. ZRODLO: odpis aktualny KRS 0000130594, stan 05.08.2026, api-krs.ms.gov.pl","verdict=skip || TEZA: brak - sama posada w spolce publicznej nie jest powiazaniem politycznym. || UWAGA: posada zostala potwierdzona w aktualnym odpisie KRS, wiec wiersz nie polegl na danych, tylko na tym, ze nie ma czego opowiedziec. Dekada z PESEL-a to jedyne sito tozsamosci, jakim dysponuje zamaskowany odpis; gdyby kiedys pojawil sie pelny PESEL, warto to przeliczyc ponownie."
41,Tomasz Ogłaza,skip,"BRAK powiazania politycznego. W wykazie PKW nie ma ani jednego rekordu tego imienia i nazwiska zgodnego z dekada urodzenia, ktora wynika z PESEL-a we wpisie KRS. | ZRODLO: wykaz kandydatow PKW (person_pkw, kanal oficjalny)","Czlonek/czlonkini rady nadzorczej ZAKLADY CHEMICZNE ""RUDNIKI"" SA (KRS 0000132241, publiczna) od sierpnia 2026; potwierdzone, PESEL z cyfra 8. ZRODLO: odpis aktualny KRS 0000132241, stan 05.08.2026, api-krs.ms.gov.pl","verdict=skip || TEZA: brak - sama posada w spolce publicznej nie jest powiazaniem politycznym. || UWAGA: posada zostala potwierdzona w aktualnym odpisie KRS, wiec wiersz nie polegl na danych, tylko na tym, ze nie ma czego opowiedziec. Dekada z PESEL-a to jedyne sito tozsamosci, jakim dysponuje zamaskowany odpis; gdyby kiedys pojawil sie pelny PESEL, warto to przeliczyc ponownie."
42,Weronika Gruszkiewicz,skip,"BRAK powiazania politycznego. W wykazie PKW nie ma ani jednego rekordu tego imienia i nazwiska zgodnego z dekada urodzenia, ktora wynika z PESEL-a we wpisie KRS. | ZRODLO: wykaz kandydatow PKW (person_pkw, kanal oficjalny)","Czlonek/czlonkini rady nadzorczej ZAKLAD KOMUNIKACJI MIEJSKIEJ W LEBORKU sp. z o.o. (KRS 0000130594, publiczna) od sierpnia 2026; potwierdzone, PESEL z cyfra 8. ZRODLO: odpis aktualny KRS 0000130594, stan 05.08.2026, api-krs.ms.gov.pl","verdict=skip || TEZA: brak - sama posada w spolce publicznej nie jest powiazaniem politycznym. || UWAGA: posada zostala potwierdzona w aktualnym odpisie KRS, wiec wiersz nie polegl na danych, tylko na tym, ze nie ma czego opowiedziec. Dekada z PESEL-a to jedyne sito tozsamosci, jakim dysponuje zamaskowany odpis; gdyby kiedys pojawil sie pelny PESEL, warto to przeliczyc ponownie."
43,Ryszard Waligórski,skip,"Jedyny mocny rekord PKW: kandydat Koalicyjnego Komitetu Wyborczego Akcja Wyborcza Solidarnosc Prawicy do Sejmu w 2001, z deklaracja ""popierany przez ZChN"" - sprzed dwudziestu pieciu lat, bez mandatu, bez rocznika. | ZRODLO: wykaz kandydatow PKW (person_pkw, kanal oficjalny)","Czlonek zarzadu CECHU RZEMIOSL ROZNYCH W WOLSZTYNIE (KRS 0000083847) od 2026-08-05; potwierdzone w odpisie z rejestru S, PESEL z cyfra 5. ZRODLO: odpis aktualny KRS 0000083847 (rejestr S), stan 05.08.2026, api-krs.ms.gov.pl","verdict=skip || TEZA: brak. || UWAGA: cech rzemieslniczy nie jest podmiotem publicznym - to organizacja samorzadu gospodarczego, w bazie is_public=false, z komisja rewizyjna zamiast rady nadzorczej. Sierpniowa fala przyniosla piec takich wierszy naraz (nr 43 i 51 z Wolsztyna, nr 48, 49 i 50 z Powiatowego Cechu w Lublincu) - wygladaja jak awans, a sa wyborami wladz organizacji branzowej."
44,Artur Kowalczyk,skip,"Jedyny rekord zgodny z dekada to kandydatura samorzadowa z 1994 bez podanego komitetu (ur. 1965). Cztery pozostale odpadly na dekadzie. | ZRODLO: wykaz kandydatow PKW (person_pkw, kanal oficjalny)","Czlonek rady nadzorczej MIEJSKIEGO PRZEDSIEBIORSTWA KOMUNIKACYJNEGO W SIEDLCACH sp. z o.o. (KRS 0000036170, publiczna) od 2026-08-05 oraz rady nadzorczej REMONDIS OTWOCK sp. z o.o. (KRS 0000108326, publiczna) od 2025-11-12; obie potwierdzone, PESEL z cyfra 6. Wczesniej dwadziescia lat w zarzadzie WARS SA (2006-2016 i 2019-2024), zarzad PKP Intercity Remtrak, zarzad Polregio i zarzad PKP Cargo. ZRODLO: odpis aktualny KRS 0000036170, stan 05.08.2026, api-krs.ms.gov.pl; odpis aktualny KRS 0000108326, stan 24.08.2026, api-krs.ms.gov.pl","verdict=skip || TEZA: brak powiazania politycznego - ale zyciorys wart odnotowania osobno. || UWAGA: to jest kariera przez cala Grupe PKP (Cargo, Polregio, Remtrak, dwie kadencje w zarzadzie WARS-u) zakonczona w radach nadzorczych spolek komunalnych Mazowsza. Bez kandydatury i bez deklaracji partyjnej strona nie ma czego do tego doczepic, ale gdyby ktos ciagnal watek WARS-u z pliku infokolej-leads.csv, ten czlowiek siedzial w tym zarzadzie rownoczesnie z Lucyna Roszyk i Elzbieta Nawrocka w radzie nadzorczej."
45,Piotr Dziubałtowski,skip,"BRAK powiazania politycznego. W wykazie PKW nie ma ani jednego rekordu tego imienia i nazwiska zgodnego z dekada urodzenia, ktora wynika z PESEL-a we wpisie KRS. | ZRODLO: wykaz kandydatow PKW (person_pkw, kanal oficjalny)","Wiceprezes zarzadu ds. wsparcia i rozwoju PGE POLSKA GRUPA ENERGETYCZNA SA (KRS 0000059307, publiczna) od 2026-08-05; potwierdzone, PESEL z cyfra 7. Rownoczesnie czlonek rady nadzorczej PGE Baltica i zarzadu osmiu spolek projektowych Baltica - w sumie dziewietnascie posad w grupie PGE i Tauron od 2012. ZRODLO: odpis aktualny KRS 0000059307, stan 05.08.2026, api-krs.ms.gov.pl","verdict=skip || TEZA: brak - sama posada w spolce publicznej nie jest powiazaniem politycznym. || UWAGA: posada zostala potwierdzona w aktualnym odpisie KRS, wiec wiersz nie polegl na danych, tylko na tym, ze nie ma czego opowiedziec. Dekada z PESEL-a to jedyne sito tozsamosci, jakim dysponuje zamaskowany odpis; gdyby kiedys pojawil sie pelny PESEL, warto to przeliczyc ponownie."
46,Joanna Frondziak Kowalska,maybe,"Jedyny rekord PKW zgodny z dekada I z wojewodztwem pracodawcy: kandydatka Koalicyjnego Komitetu Wyborczego Zjednoczona Lewica SLD+TR+PPS+UP+Zieloni do Sejmu w 2015 w okregu dolnoslaskim (teryt 02), bez rocznika. | ZRODLO: wykaz kandydatow PKW (person_pkw, kanal oficjalny) - 48 rekordow pod nazwiskiem Kowalska, 29 odrzuconych po dekadzie, 19 zgodnych i rozrzuconych po calym kraju.","Czlonkini rady nadzorczej ZAKLADU USLUG ENERGETYCZNYCH ""EPEKOKS"" sp. z o.o. w Walbrzychu (KRS 0000148487, publiczna) od 2018-08-30, a od 2026-08-05 delegowana z rady do czasowego wykonywania czynnosci prezesa zarzadu; potwierdzone, PESEL z cyfra 7. Wczesniej w tej samej radzie 2014-2018 i w radzie Walbrzyskiej Elektrowni Wodorowej ""Victoria"" 2022-2024. ZRODLO: odpis aktualny KRS 0000148487, stan 05.08.2026, api-krs.ms.gov.pl","verdict=maybe || TEZA: jesli to ta sama osoba, kandydatka Zjednoczonej Lewicy z Dolnego Slaska przejmuje stery walbrzyskiej spolki energetycznej po osmiu latach w jej radzie nadzorczej. || UWAGA: nazwisko Kowalska jest najgorszym mozliwym przypadkiem dla tego rodzaju zlaczenia - 48 rekordow w wykazie, a kandydatura sejmowa nie ma rocznika, wiec jedyne, co je laczy, to wojewodztwo. Do tego w KRS wystepuje jako ""Frondziak Kowalska"", a w PKW szukalem obu czlonow osobno. Nie publikowac bez niezaleznego potwierdzenia - np. oswiadczenia majatkowego albo protokolu okregowego z 2015 z data urodzenia."
47,Przemysław Bernadzki,maybe,"Jedyny rekord PKW: kandydat z KWW LOKALNY PAKT SAMORZADOWY w powiecie wegorzewskim w 2024 (teryt 281900, ur. 1964), bez mandatu. Komitet wyborcow, nie partia; powiat sasiedni wzgledem Gizycka. | ZRODLO: wykaz kandydatow PKW (person_pkw, kanal oficjalny)","Czlonek rady nadzorczej GIZYCKIEJ OCHRONY ZDROWIA sp. z o.o. (KRS 0000822215, publiczna) od 2026-08-05; potwierdzone, PESEL z cyfra 6 - zgodne z rocznikiem 1964. Piec dni wczesniej, 2026-07-31, wszedl tez do rady nadzorczej Zakladu Unieszkodliwiania Odpadow Komunalnych Spytkowo sp. z o.o. (KRS 0000346147; w bazie is_public=false, choc to spolka gmin mazurskich). ZRODLO: odpis aktualny KRS 0000822215, stan 05.08.2026, api-krs.ms.gov.pl","verdict=maybe || TEZA: dwie rady nadzorcze spolek publicznych w ciagu szesciu dni, u czlowieka, ktorego jedynym sladem politycznym jest przegrana kandydatura z lokalnego komitetu. || UWAGA: zlaczenie jest dobre (jeden rekord w PKW, zgodny rocznik, sasiedni powiat), powiazanie slabe. Warto tez odnotowac, ze Gizycka Ochrona Zdrowia to spolka z o.o., a nie SPZOZ - ma rade nadzorcza, wiec pulapka nr 1 nie dziala, mimo ze nazwa brzmi jak szpital."
48,Artur Kachel,skip,"Jedyny rekord PKW zgodny z dekada to kandydatura SLD z 2010 w powiecie ryckim na Lubelszczyznie (teryt 061604, ur. 1978), a cech jest w Lublincu na Slasku - 350 km dalej. | ZRODLO: wykaz kandydatow PKW (person_pkw, kanal oficjalny)","Czlonek KOMISJI REWIZYJNEJ POWIATOWEGO CECHU RZEMIOSL I PRZEDSIEBIORCZOSCI IM. WALENTEGO ROZDZIENSKIEGO w Lublincu (KRS 0000059490) od 2026-08-05; potwierdzone w odpisie z rejestru S. ZRODLO: odpis aktualny KRS 0000059490 (rejestr S), stan 05.08.2026, api-krs.ms.gov.pl","verdict=skip || TEZA: brak. || UWAGA: wiersz umiera na pracodawcy. Cech rzemieslniczy to organizacja samorzadu gospodarczego, nie podmiot publiczny - is_public=false i komisja rewizyjna zamiast rady nadzorczej, co w rejestrze jest widoczne wprost i nie jest znanym falszywym negatywem. Trzy z 64 sierpniowych wierszy to jedna zmiana wladz tego samego cechu tego samego dnia."
49,Łukasz Tabor,skip,"Jedyny rekord PKW to kandydatura z 2014 z KWW PRO w kujawsko-pomorskiem (teryt 041402, ur. 1983); cech jest w Lublincu. | ZRODLO: wykaz kandydatow PKW (person_pkw, kanal oficjalny)","Czlonek zarzadu POWIATOWEGO CECHU RZEMIOSL I PRZEDSIEBIORCZOSCI IM. WALENTEGO ROZDZIENSKIEGO w Lublincu (KRS 0000059490) od 2026-08-05; potwierdzone w odpisie z rejestru S. ZRODLO: odpis aktualny KRS 0000059490 (rejestr S), stan 05.08.2026, api-krs.ms.gov.pl","verdict=skip || TEZA: brak. || UWAGA: wiersz umiera na pracodawcy. Cech rzemieslniczy to organizacja samorzadu gospodarczego, nie podmiot publiczny - is_public=false i komisja rewizyjna zamiast rady nadzorczej, co w rejestrze jest widoczne wprost i nie jest znanym falszywym negatywem. Trzy z 64 sierpniowych wierszy to jedna zmiana wladz tego samego cechu tego samego dnia."
50,Maciej Janas,skip,"Rekord PKW pasuje geograficznie: KWW FORUM PRAWICY ZIEMI LUBLINIECKIEJ, powiat lubliniecki (teryt 240700), ur. 1968, bez mandatu - ale to komitet wyborcow, nie partia. | ZRODLO: wykaz kandydatow PKW (person_pkw, kanal oficjalny)","Czlonek zarzadu POWIATOWEGO CECHU RZEMIOSL I PRZEDSIEBIORCZOSCI IM. WALENTEGO ROZDZIENSKIEGO w Lublincu (KRS 0000059490) od 2026-08-05; potwierdzone w odpisie z rejestru S. ZRODLO: odpis aktualny KRS 0000059490 (rejestr S), stan 05.08.2026, api-krs.ms.gov.pl","verdict=skip || TEZA: brak. || UWAGA: wiersz umiera na pracodawcy. Cech rzemieslniczy to organizacja samorzadu gospodarczego, nie podmiot publiczny - is_public=false i komisja rewizyjna zamiast rady nadzorczej, co w rejestrze jest widoczne wprost i nie jest znanym falszywym negatywem. Trzy z 64 sierpniowych wierszy to jedna zmiana wladz tego samego cechu tego samego dnia."
51,Małgorzata Wieczorek,skip,"Kandydatka KOMITETU WYBORCZEGO POLSKIEGO STRONNICTWA LUDOWEGO do rady powiatu wolsztynskiego w 2002 (teryt 302902, ur. 1968) - lista partyjna i ten sam powiat co pracodawca, czyli najlepsze zlaczenie z calej piatki cechowej. | ZRODLO: wykaz kandydatow PKW (person_pkw, kanal oficjalny) - 26 rekordow tego imienia i nazwiska, 17 odrzuconych po dekadzie.","II Podstarszy (czlonkini zarzadu) CECHU RZEMIOSL ROZNYCH W WOLSZTYNIE (KRS 0000083847) od 2026-08-05; potwierdzone w odpisie z rejestru S, PESEL z cyfra 6 - zgodne z rocznikiem 1968. ZRODLO: odpis aktualny KRS 0000083847 (rejestr S), stan 05.08.2026, api-krs.ms.gov.pl","verdict=skip || TEZA: brak - i to szkoda, bo powiazanie akurat tu jest: lista PSL, ten sam powiat, zgodny rocznik. || UWAGA: wiersz umiera wylacznie na pracodawcy. Cech rzemieslniczy nie jest podmiotem publicznym, wiec funkcja ""II Podstarszy"" to wybor we wladzach organizacji branzowej, a nie posada z nadania. Gdyby ta sama osoba pojawila sie kiedys w spolce komunalnej Wolsztyna, to zlaczenie jest juz zrobione i wystarczy je odczytac."
52,Jerzy Stachyra,ODRZUCONE,"Deklarowany czlonek dwoch roznych partii w odstepie dwunastu lat: czlonek Prawa i Sprawiedliwosci przy kandydaturze do Sejmu w 2011, czlonek Platformy Obywatelskiej RP przy kandydaturze do Sejmu w 2023. Radny powiatu zgorzeleckiego WYBRANY w 2010 z listy PiS i ponownie WYBRANY w 2024 z listy KKW Koalicja Obywatelska; miedzy nimi dwa razy z lokalnego komitetu Bogatynia Odnowa (ur. 1971/1972). | ZRODLO: wykaz kandydatow PKW (person_pkw, kanal oficjalny) - osiem kandydatur zgodnych z dekada, wszystkie z powiatu zgorzeleckiego albo okregu dolnoslaskiego.","Czlonek/czlonkini RADY SPOLECZNEJ Samodzielnego Publicznego Zespolu Opieki Zdrowotnej w Bogatyni (KRS 0000056231) od 2026-08-04. Potwierdzone w odpisie z rejestru S: jedynym organem nadzoru tego podmiotu jest RADA SPOLECZNA, i to w jej siedmioosobowym skladzie znajduje sie dopasowanie, PESEL z cyfra 7. To jedyna posada tej osoby w danych strony. ZRODLO: odpis aktualny KRS 0000056231 (rejestr S), stan 04.08.2026, api-krs.ms.gov.pl","verdict=ODRZUCONE || TEZA: byla mocna - czynny radny Bogatyni w organie nadzorczym bogatynskiego szpitala, ktorego wlascicielem jest gmina, w ktorej ma mandat. || UWAGA: zabila go pulapka nr 1, i to w najostrzejszej postaci, jaka widzialem. Strona renderuje ten organ jako ""Rada Nadzorcza"", ale rejestr nazywa go RADA SPOLECZNA, a polityka strony rady spoleczne SPZOZ wyklucza. Cala siedmioosobowa rada spoleczna SPZOZ w Bogatyni zostala powolana 4 sierpnia 2026 i wszystkie siedem osob trafilo do tej listy - to nr 52-58, czyli 11% calej sierpniowej setki i trzy z piatki najwyzej ocenionych osob. Zaden z nich nie ma innej posady, wiec nie zostaje nic do opublikowania. Jesli kiedys polityka wobec rad spolecznych sie zmieni, ta siodemka jest gotowa do odwieszenia bez ponownego badania."
53,Wojciech Dobrołowicz,ODRZUCONE,"Deklarowany czlonek Prawa i Sprawiedliwosci - dwukrotnie, przy kandydaturze do Sejmu w 2023 i przy wyborach samorzadowych w 2024, w ktorych zostal WYBRANY z wlasnego komitetu KWW WOJCIECHA DOBROLOWICZA w Bogatyni. Kandydowal w Bogatyni takze w 2010, 2014 i 2018 (ur. 1984/1985). | ZRODLO: wykaz kandydatow PKW (person_pkw, kanal oficjalny) - piec kandydatur, wszystkie zgodne z dekada i wszystkie z Bogatyni albo okregu dolnoslaskiego.","Czlonek/czlonkini RADY SPOLECZNEJ Samodzielnego Publicznego Zespolu Opieki Zdrowotnej w Bogatyni (KRS 0000056231) od 2026-08-04. Potwierdzone w odpisie z rejestru S: jedynym organem nadzoru tego podmiotu jest RADA SPOLECZNA, i to w jej siedmioosobowym skladzie znajduje sie dopasowanie, PESEL z cyfra 8. To jedyna posada tej osoby w danych strony. ZRODLO: odpis aktualny KRS 0000056231 (rejestr S), stan 04.08.2026, api-krs.ms.gov.pl","verdict=ODRZUCONE || TEZA: byla mocna - czynny radny Bogatyni w organie nadzorczym bogatynskiego szpitala, ktorego wlascicielem jest gmina, w ktorej ma mandat. || UWAGA: zabila go pulapka nr 1, i to w najostrzejszej postaci, jaka widzialem. Strona renderuje ten organ jako ""Rada Nadzorcza"", ale rejestr nazywa go RADA SPOLECZNA, a polityka strony rady spoleczne SPZOZ wyklucza. Cala siedmioosobowa rada spoleczna SPZOZ w Bogatyni zostala powolana 4 sierpnia 2026 i wszystkie siedem osob trafilo do tej listy - to nr 52-58, czyli 11% calej sierpniowej setki i trzy z piatki najwyzej ocenionych osob. Zaden z nich nie ma innej posady, wiec nie zostaje nic do opublikowania. Jesli kiedys polityka wobec rad spolecznych sie zmieni, ta siodemka jest gotowa do odwieszenia bez ponownego badania."
54,Artur Oliasz,ODRZUCONE,"Deklarowany czlonek Sojuszu Lewicy Demokratycznej (2010) i Nowej Lewicy (2024). Radny Bogatyni WYBRANY w 2010 z listy SLD i ponownie WYBRANY w 2024 z KWW Ponad Podzialami; kandydowal w Bogatyni nieprzerwanie od 1998, zawsze z lewicy albo z lokalnych komitetow (ur. 1968/1969). | ZRODLO: wykaz kandydatow PKW (person_pkw, kanal oficjalny) - dziesiec kandydatur, dziewiec z samej Bogatyni (teryt 022503).","Czlonek/czlonkini RADY SPOLECZNEJ Samodzielnego Publicznego Zespolu Opieki Zdrowotnej w Bogatyni (KRS 0000056231) od 2026-08-04. Potwierdzone w odpisie z rejestru S: jedynym organem nadzoru tego podmiotu jest RADA SPOLECZNA, i to w jej siedmioosobowym skladzie znajduje sie dopasowanie, PESEL z cyfra 6. To jedyna posada tej osoby w danych strony. ZRODLO: odpis aktualny KRS 0000056231 (rejestr S), stan 04.08.2026, api-krs.ms.gov.pl","verdict=ODRZUCONE || TEZA: byla mocna - czynny radny Bogatyni w organie nadzorczym bogatynskiego szpitala, ktorego wlascicielem jest gmina, w ktorej ma mandat. || UWAGA: zabila go pulapka nr 1, i to w najostrzejszej postaci, jaka widzialem. Strona renderuje ten organ jako ""Rada Nadzorcza"", ale rejestr nazywa go RADA SPOLECZNA, a polityka strony rady spoleczne SPZOZ wyklucza. Cala siedmioosobowa rada spoleczna SPZOZ w Bogatyni zostala powolana 4 sierpnia 2026 i wszystkie siedem osob trafilo do tej listy - to nr 52-58, czyli 11% calej sierpniowej setki i trzy z piatki najwyzej ocenionych osob. Zaden z nich nie ma innej posady, wiec nie zostaje nic do opublikowania. Jesli kiedys polityka wobec rad spolecznych sie zmieni, ta siodemka jest gotowa do odwieszenia bez ponownego badania."
55,Dominik Zawada,ODRZUCONE,"Radny Bogatyni WYBRANY w 2024 z KWW BOGATYNIA MOZE WIECEJ; wczesniej kandydat z KWW Wojciecha Blasiaka w 2018 (teryt 022503, ur. 1982/1983). Mandat z wyboru, biezacy - ale z komitetu wyborcow, nie z listy partyjnej. | ZRODLO: wykaz kandydatow PKW (person_pkw, kanal oficjalny) - dwie kandydatury zgodne z dekada, obie z Bogatyni.","Czlonek/czlonkini RADY SPOLECZNEJ Samodzielnego Publicznego Zespolu Opieki Zdrowotnej w Bogatyni (KRS 0000056231) od 2026-08-04. Potwierdzone w odpisie z rejestru S: jedynym organem nadzoru tego podmiotu jest RADA SPOLECZNA, i to w jej siedmioosobowym skladzie znajduje sie dopasowanie, PESEL z cyfra 8. To jedyna posada tej osoby w danych strony. ZRODLO: odpis aktualny KRS 0000056231 (rejestr S), stan 04.08.2026, api-krs.ms.gov.pl","verdict=ODRZUCONE || TEZA: byla mocna - czynny radny Bogatyni w organie nadzorczym bogatynskiego szpitala, ktorego wlascicielem jest gmina, w ktorej ma mandat. || UWAGA: zabila go pulapka nr 1, i to w najostrzejszej postaci, jaka widzialem. Strona renderuje ten organ jako ""Rada Nadzorcza"", ale rejestr nazywa go RADA SPOLECZNA, a polityka strony rady spoleczne SPZOZ wyklucza. Cala siedmioosobowa rada spoleczna SPZOZ w Bogatyni zostala powolana 4 sierpnia 2026 i wszystkie siedem osob trafilo do tej listy - to nr 52-58, czyli 11% calej sierpniowej setki i trzy z piatki najwyzej ocenionych osob. Zaden z nich nie ma innej posady, wiec nie zostaje nic do opublikowania. Jesli kiedys polityka wobec rad spolecznych sie zmieni, ta siodemka jest gotowa do odwieszenia bez ponownego badania."
56,Patrycja Kuzioła,skip,"BRAK powiazania politycznego. W wykazie PKW nie ma ani jednego rekordu tego imienia i nazwiska zgodnego z dekada urodzenia, ktora wynika z PESEL-a we wpisie KRS. | ZRODLO: wykaz kandydatow PKW (person_pkw, kanal oficjalny) To jedyna osoba z siedmioosobowej rady spolecznej SPZOZ w Bogatyni, ktora nie ma zadnej kandydatury.","Czlonkini RADY SPOLECZNEJ Samodzielnego Publicznego Zespolu Opieki Zdrowotnej w Bogatyni (KRS 0000056231) od 2026-08-04; potwierdzone w odpisie z rejestru S, PESEL z cyfra 8. ZRODLO: odpis aktualny KRS 0000056231 (rejestr S), stan 04.08.2026, api-krs.ms.gov.pl","verdict=skip || TEZA: brak. || UWAGA: skip, a nie ODRZUCONE, bo tu nie bylo czego odrzucac - wiersz umiera na braku powiazania jeszcze zanim dojdzie do pulapki rady spolecznej, ktora i tak by go zabila. Pozostala szostka z tej samej rady (nr 52-55, 57, 58) ma mandaty z wyboru i figuruje jako ODRZUCONE."
57,Edyta Małkiewicz,ODRZUCONE,"Radna Bogatyni WYBRANA w 2024 z KWW WOJCIECHA DOBROLOWICZA - tego samego komitetu, ktory zalozyl Wojciech Dobrolowicz (nr 53 tej listy), deklarowany czlonek PiS. Mandat biezacy (teryt 022503, ur. 1972). | ZRODLO: wykaz kandydatow PKW (person_pkw, kanal oficjalny) - jedna kandydatura, z Bogatyni, zgodna z dekada.","Czlonek/czlonkini RADY SPOLECZNEJ Samodzielnego Publicznego Zespolu Opieki Zdrowotnej w Bogatyni (KRS 0000056231) od 2026-08-04. Potwierdzone w odpisie z rejestru S: jedynym organem nadzoru tego podmiotu jest RADA SPOLECZNA, i to w jej siedmioosobowym skladzie znajduje sie dopasowanie, PESEL z cyfra 7. To jedyna posada tej osoby w danych strony. ZRODLO: odpis aktualny KRS 0000056231 (rejestr S), stan 04.08.2026, api-krs.ms.gov.pl","verdict=ODRZUCONE || TEZA: byla mocna - czynny radny Bogatyni w organie nadzorczym bogatynskiego szpitala, ktorego wlascicielem jest gmina, w ktorej ma mandat. || UWAGA: zabila go pulapka nr 1, i to w najostrzejszej postaci, jaka widzialem. Strona renderuje ten organ jako ""Rada Nadzorcza"", ale rejestr nazywa go RADA SPOLECZNA, a polityka strony rady spoleczne SPZOZ wyklucza. Cala siedmioosobowa rada spoleczna SPZOZ w Bogatyni zostala powolana 4 sierpnia 2026 i wszystkie siedem osob trafilo do tej listy - to nr 52-58, czyli 11% calej sierpniowej setki i trzy z piatki najwyzej ocenionych osob. Zaden z nich nie ma innej posady, wiec nie zostaje nic do opublikowania. Jesli kiedys polityka wobec rad spolecznych sie zmieni, ta siodemka jest gotowa do odwieszenia bez ponownego badania."
58,Hanna Mutlu,ODRZUCONE,"Radna Bogatyni WYBRANA w 2024 z KWW BOGATYNIA MOZE WIECEJ - tego samego komitetu co Dominik Zawada (nr 55). Mandat biezacy (teryt 022503, ur. 1989). | ZRODLO: wykaz kandydatow PKW (person_pkw, kanal oficjalny) - jedna kandydatura, z Bogatyni, zgodna z dekada.","Czlonek/czlonkini RADY SPOLECZNEJ Samodzielnego Publicznego Zespolu Opieki Zdrowotnej w Bogatyni (KRS 0000056231) od 2026-08-04. Potwierdzone w odpisie z rejestru S: jedynym organem nadzoru tego podmiotu jest RADA SPOLECZNA, i to w jej siedmioosobowym skladzie znajduje sie dopasowanie, PESEL z cyfra 8. To jedyna posada tej osoby w danych strony. ZRODLO: odpis aktualny KRS 0000056231 (rejestr S), stan 04.08.2026, api-krs.ms.gov.pl","verdict=ODRZUCONE || TEZA: byla mocna - czynny radny Bogatyni w organie nadzorczym bogatynskiego szpitala, ktorego wlascicielem jest gmina, w ktorej ma mandat. || UWAGA: zabila go pulapka nr 1, i to w najostrzejszej postaci, jaka widzialem. Strona renderuje ten organ jako ""Rada Nadzorcza"", ale rejestr nazywa go RADA SPOLECZNA, a polityka strony rady spoleczne SPZOZ wyklucza. Cala siedmioosobowa rada spoleczna SPZOZ w Bogatyni zostala powolana 4 sierpnia 2026 i wszystkie siedem osob trafilo do tej listy - to nr 52-58, czyli 11% calej sierpniowej setki i trzy z piatki najwyzej ocenionych osob. Zaden z nich nie ma innej posady, wiec nie zostaje nic do opublikowania. Jesli kiedys polityka wobec rad spolecznych sie zmieni, ta siodemka jest gotowa do odwieszenia bez ponownego badania."
59,Janusz Grządziel,skip,"Trzy rekordy zgodne z dekada, wszystkie z Podkarpacia i wszystkie z komitetow wyborcow: Podkarpackie Forum Samorzadowe (2002, ur. 1969) oraz Zjednoczeni Samorzadowcy Ziemi Sanockiej (2002 i 2010, ur. 1962). Zadnej listy partyjnej, zadnego mandatu. | ZRODLO: wykaz kandydatow PKW (person_pkw, kanal oficjalny)","Czlonek rady nadzorczej PRZEDSIEBIORSTWA WODOCIAGOW I KANALIZACJI sp. z o.o. w Krosnie (KRS 0000092068, publiczna) od 2026-08-04; potwierdzone, PESEL z cyfra 6. ZRODLO: odpis aktualny KRS 0000092068, stan 04.08.2026, api-krs.ms.gov.pl","verdict=skip || TEZA: brak. || UWAGA: dwa z trzech rekordow maja rocznik 1962, a jeden 1969 - obydwa mieszcza sie w dekadzie z PESEL-a, wiec nawet zlaczenia miedzy soba nie da sie rozstrzygnac. Sanok i Krosno to sasiednie powiaty, wiec to moze byc ta sama osoba; nie zmienia to jednak tego, ze nigdzie nie ma partii."
60,Zbigniew Sobolewski,skip,"Jedyny rekord zgodny z dekada: kandydat KW Samoobrona Rzeczypospolitej Polskiej do sejmiku lodzkiego w 2002 (teryt 100700, ur. 1971), bez mandatu. Wszystkie jego posady sa w Trojmiescie. | ZRODLO: wykaz kandydatow PKW (person_pkw, kanal oficjalny) - 17 rekordow tego imienia i nazwiska, 16 odrzuconych po dekadzie.","Czlonek rady nadzorczej PRZEDSIEBIORSTWA PRZELADUNKU PALIW PLYNNYCH ""NAFTOPORT"" sp. z o.o. (KRS 0000065348, publiczna) od 2026-08-04; potwierdzone, PESEL z cyfra 7. Wczesniej zarzad Rafinerii Gdanskiej (2025-2026), zarzad i rada nadzorcza Lotos Oil, rada nadzorcza Lotos Lab. ZRODLO: odpis aktualny KRS 0000065348, stan 04.08.2026, api-krs.ms.gov.pl","verdict=skip || TEZA: brak. || UWAGA: kariera w calosci w grupie Lotos/Orlen, bez sladu politycznego. Jedyny zgodny rocznikowo rekord PKW jest z Lodzkiego i z Samoobrony sprzed dwudziestu czterech lat - to zlaczenie na samym nazwisku i nie nalezy go robic."
61,Dariusz Młodziński,skip,"BRAK powiazania politycznego. W wykazie PKW nie ma ani jednego rekordu tego imienia i nazwiska zgodnego z dekada urodzenia, ktora wynika z PESEL-a we wpisie KRS. | ZRODLO: wykaz kandydatow PKW (person_pkw, kanal oficjalny)","Czlonek/czlonkini rady nadzorczej CENTRALNY WODOCIAG ZULAWSKI sp. z o.o. (KRS 0000185843, publiczna) od sierpnia 2026; potwierdzone, PESEL z cyfra 6. ZRODLO: odpis aktualny KRS 0000185843, stan 03.08.2026, api-krs.ms.gov.pl","verdict=skip || TEZA: brak - sama posada w spolce publicznej nie jest powiazaniem politycznym. || UWAGA: posada zostala potwierdzona w aktualnym odpisie KRS, wiec wiersz nie polegl na danych, tylko na tym, ze nie ma czego opowiedziec. Dekada z PESEL-a to jedyne sito tozsamosci, jakim dysponuje zamaskowany odpis; gdyby kiedys pojawil sie pelny PESEL, warto to przeliczyc ponownie."
62,Karolina Szelążek,skip,"BRAK powiazania politycznego. W wykazie PKW nie ma ani jednego rekordu tego imienia i nazwiska zgodnego z dekada urodzenia, ktora wynika z PESEL-a we wpisie KRS. | ZRODLO: wykaz kandydatow PKW (person_pkw, kanal oficjalny)","Prezes zarzadu ""ZAKLADU ENERGETYKI CIEPLNEJ"" sp. z o.o. (KRS 0000248123, publiczna) od 2026-08-03; potwierdzone, PESEL z cyfra 8. ZRODLO: odpis aktualny KRS 0000248123, stan 03.08.2026, api-krs.ms.gov.pl","verdict=skip || TEZA: brak - sama posada w spolce publicznej nie jest powiazaniem politycznym. || UWAGA: posada zostala potwierdzona w aktualnym odpisie KRS, wiec wiersz nie polegl na danych, tylko na tym, ze nie ma czego opowiedziec. Dekada z PESEL-a to jedyne sito tozsamosci, jakim dysponuje zamaskowany odpis; gdyby kiedys pojawil sie pelny PESEL, warto to przeliczyc ponownie."
63,Dariusz Kapusta,skip,"Jedyny rekord zgodny z dekada: kandydat KOMITETU WYBORCZEGO STOWARZYSZENIE INICJATYW SPOLECZNYCH TAK DLA STOPNICY w 2014 (teryt 260106, swietokrzyskie, ur. 1982), bez mandatu, komitet wyborcow. | ZRODLO: wykaz kandydatow PKW (person_pkw, kanal oficjalny)","Czlonek rady nadzorczej JSW IT SYSTEMS sp. z o.o. (KRS 0000083839, publiczna) od 2026-08-03; potwierdzone, PESEL z cyfra 8. Rownoczesnie czlonek zarzadu PKP TELKOL sp. z o.o. (KRS 0000504917, publiczna) od 2025-02-24 - tez potwierdzone. ZRODLO: odpis aktualny KRS 0000083839, stan 16.09.2026, api-krs.ms.gov.pl; odpis aktualny KRS 0000504917, stan 23.07.2026, api-krs.ms.gov.pl","verdict=skip || TEZA: brak powiazania politycznego. || UWAGA: wart odnotowania ze wzgledu na drugi plik z tej sesji - jest czlonkiem zarzadu PKP Telkol, spolki, ktora w infokolej-leads.csv pojawia sie przy Karolu Bielskim (rada nadzorcza wedlug GW, nieobecna w rejestrze). Jego wlasna posada w Telkolu JEST w aktualnym odpisie. Powiazanie polityczne pozostaje jednak zerowe: jedna przegrana kandydatura z lokalnego stowarzyszenia sprzed dwunastu lat, w dodatku z wojewodztwa, w ktorym nie pracuje."
64,Wojciech Wojewódzki,skip,"Dwa rekordy PKW, oba zgodne z dekada i oba z powiatu pultuskiego na Mazowszu (teryt 141503, ur. 1960): kandydatura z Krajowego Komitetu Wyborczego Przymierze Spoleczne PSL-UP-KPEiR w 1998 i z wlasnego komitetu w 2002. Spolka jest w Kotlinie Klodzkiej, 400 km dalej. | ZRODLO: wykaz kandydatow PKW (person_pkw, kanal oficjalny)","Czlonek rady nadzorczej UZDROWISK KLODZKICH SA - GRUPA PGU (KRS 0000110987, publiczna) od 2026-08-03; potwierdzone, PESEL z cyfra 6. ZRODLO: odpis aktualny KRS 0000110987, stan 03.08.2026, api-krs.ms.gov.pl","verdict=skip || TEZA: brak. || UWAGA: strona etykietuje go jako PSL na podstawie kandydatury z 1998 z komitetu Przymierze Spoleczne. Ta kandydatura jest z Mazowsza, a on pracuje na Dolnym Slasku; rocznik akurat mozliwy, ale to jest zlaczenie po samym imieniu i nazwisku na dystansie dwudziestu osmiu lat. Etykieta PSL przy tej osobie jest prawdopodobnie bledna i warto ja zweryfikowac niezaleznie od tego wiersza."
